classification_id,user_name,user_id,user_ip,workflow_id,workflow_name,workflow_version,created_at,gold_standard,expert,metadata,annotations,subject_data,subject_ids
161303339,LMParsons,1889100,79c7b21dd8868dab3fce,10481,Training Program,16.38,2019-04-20 22:17:57 UTC,,,"{""source"":""api"",""session"":""d47f8e50e3f19231950d5b042bd8a82828c5c31dc847b1f9d36ced218a9c7989"",""viewport"":{""width"":1387,""height"":717},""started_at"":""2019-04-20T22:17:32.859Z"",""user_agent"":""Mozilla/5.0 (Macintosh; Intel Mac OS X 10_14_4) AppleWebKit/605.1.15 (KHTML, like Gecko) Version/12.1 Safari/605.1.15"",""utc_offset"":""18000"",""finished_at"":""2019-04-20T22:17:57.281Z"",""live_project"":true,""interventions"":{""opt_in"":true,""message"":false},""user_language"":""en"",""user_group_ids"":[],""subject_dimensions"":[{""clientWidth"":853,""clientHeight"":479,""naturalWidth"":5472,""naturalHeight"":3072}],""subject_selection_state"":{""retired"":false,""selected_at"":""2019-04-20T22:17:32.764Z"",""already_seen"":false,""selection_state"":""normal"",""finished_workflow"":false,""user_has_finished_workflow"":false},""workflow_translation_id"":""19615""}","[{""task"":""T1"",""value"":""2,2"",""task_label"":""Rate Kernels""},{""task"":""T2"",""task_label"":""bounding Box"",""value"":[{""x"":1927.3468017578125,""y"":1810.89794921875,""tool"":0,""frame"":0,""width"":307.9820556640625,""height"":532.55224609375,""details"":[],""tool_label"":""Kernel Box""},{""x"":3255.51904296875,""y"":1855.81201171875,""tool"":0,""frame"":0,""width"":346.479736328125,""height"":551.801025390625,""details"":[],""tool_label"":""Kernel Box""}]}]","{""32546430"":{""retired"":{""id"":41830896,""workflow_id"":10481,""classifications_count"":1,""created_at"":""2019-04-20T22:17:34.945Z"",""updated_at"":""2019-04-20T22:17:57.856Z"",""retired_at"":""2019-04-20T22:17:57.819Z"",""subject_id"":32546430,""retirement_reason"":""classification_count""},""Filename"":""IMG_3054.jpg""}}",32546430
161303476,LMParsons,1889100,79c7b21dd8868dab3fce,10481,Training Program,16.38,2019-04-20 22:19:10 UTC,,,"{""source"":""api"",""session"":""d47f8e50e3f19231950d5b042bd8a82828c5c31dc847b1f9d36ced218a9c7989"",""viewport"":{""width"":1387,""height"":717},""started_at"":""2019-04-20T22:17:58.590Z"",""user_agent"":""Mozilla/5.0 (Macintosh; Intel Mac OS X 10_14_4) AppleWebKit/605.1.15 (KHTML, like Gecko) Version/12.1 Safari/605.1.15"",""utc_offset"":""18000"",""finished_at"":""2019-04-20T22:19:10.268Z"",""live_project"":true,""interventions"":{""opt_in"":true,""message"":false},""user_language"":""en"",""user_group_ids"":[],""subject_dimensions"":[{""clientWidth"":853,""clientHeight"":634,""naturalWidth"":1521,""naturalHeight"":1131}],""subject_selection_state"":{""retired"":false,""selected_at"":""2019-04-20T22:17:58.437Z"",""already_seen"":false,""selection_state"":""internal_fallback"",""finished_workflow"":false,""user_has_finished_workflow"":false},""workflow_translation_id"":""19615""}","[{""task"":""T1"",""value"":""2,2,1,4,2,3\n1,2,1,1,1,2\n1,2,1,1,1,2"",""task_label"":""Rate Kernels""},{""task"":""T2"",""task_label"":""bounding Box"",""value"":[{""x"":68.45707702636719,""y"":28.953556060791016,""tool"":0,""frame"":0,""width"":140.89430236816406,""height"":203.31582260131836,""details"":[],""tool_label"":""Kernel Box""},{""x"":389.4820861816406,""y"":36.08744430541992,""tool"":0,""frame"":0,""width"":137.32730102539062,""height"":212.2331886291504,""details"":[],""tool_label"":""Kernel Box""},{""x"":632.0343017578125,""y"":48.57175064086914,""tool"":0,""frame"":0,""width"":137.32733154296875,""height"":217.5835838317871,""details"":[],""tool_label"":""Kernel Box""},{""x"":878.1534423828125,""y"":53.92216873168945,""tool"":0,""frame"":0,""width"":133.7603759765625,""height"":205.09930038452148,""details"":[],""tool_label"":""Kernel Box""},{""x"":1124.2725830078125,""y"":91.37507629394531,""tool"":0,""frame"":0,""width"":130.1934814453125,""height"":205.0992889404297,""details"":[],""tool_label"":""Kernel Box""},{""x"":1338.2891845703125,""y"":123.47757720947266,""tool"":0,""frame"":0,""width"":126.6265869140625,""height"":203.3158187866211,""details"":[],""tool_label"":""Kernel Box""},{""x"":63.10666275024414,""y"":407.0496520996094,""tool"":0,""frame"":0,""width"":133.76040267944336,""height"":208.66622924804688,""details"":[],""tool_label"":""Kernel Box""},{""x"":335.9779052734375,""y"":426.6678466796875,""tool"":0,""frame"":0,""width"":139.11080932617188,""height"":210.44970703125,""details"":[],""tool_label"":""Kernel Box""},{""x"":598.1483154296875,""y"":421.3174133300781,""tool"":0,""frame"":0,""width"":139.11083984375,""height"":222.93405151367188,""details"":[],""tool_label"":""Kernel Box""},{""x"":858.5352172851562,""y"":415.9670104980469,""tool"":0,""frame"":0,""width"":124.84307861328125,""height"":217.58358764648438,""details"":[],""tool_label"":""Kernel Box""},{""x"":1045.7998046875,""y"":446.2860412597656,""tool"":0,""frame"":0,""width"":130.1934814453125,""height"":215.80014038085938,""details"":[],""tool_label"":""Kernel Box""},{""x"":1254.466064453125,""y"":460.5538024902344,""tool"":0,""frame"":0,""width"":140.894287109375,""height"":208.66622924804688,""details"":[],""tool_label"":""Kernel Box""},{""x"":52.40583038330078,""y"":799.4135131835938,""tool"":0,""frame"":0,""width"":133.76041412353516,""height"":219.3670654296875,""details"":[],""tool_label"":""Kernel Box""},{""x"":286.0406799316406,""y"":836.866455078125,""tool"":0,""frame"":0,""width"":130.19345092773438,""height"":203.3157958984375,""details"":[],""tool_label"":""Kernel Box""},{""x"":530.3763427734375,""y"":842.2168579101562,""tool"":0,""frame"":0,""width"":124.84307861328125,""height"":208.66619873046875,""details"":[],""tool_label"":""Kernel Box""},{""x"":760.4442749023438,""y"":858.2681274414062,""tool"":0,""frame"":0,""width"":135.54388427734375,""height"":208.66619873046875,""details"":[],""tool_label"":""Kernel Box""},{""x"":1011.913818359375,""y"":870.7523803710938,""tool"":0,""frame"":0,""width"":142.677734375,""height"":199.74884033203125,""details"":[],""tool_label"":""Kernel Box""},{""x"":1225.9305419921875,""y"":860.0515747070312,""tool"":0,""frame"":0,""width"":131.9769287109375,""height"":196.18194580078125,""details"":[],""tool_label"":""Kernel Box""}]}]","{""32546437"":{""retired"":{""id"":41830889,""workflow_id"":10481,""classifications_count"":1,""created_at"":""2019-04-20T22:17:08.611Z"",""updated_at"":""2019-04-20T22:19:10.903Z"",""retired_at"":""2019-04-20T22:19:10.887Z"",""subject_id"":32546437,""retirement_reason"":""classification_count""},""Filename"":""DSC05429.jpeg""}}",32546437
161303645,LMParsons,1889100,79c7b21dd8868dab3fce,10481,Training Program,16.38,2019-04-20 22:20:24 UTC,,,"{""source"":""api"",""session"":""d47f8e50e3f19231950d5b042bd8a82828c5c31dc847b1f9d36ced218a9c7989"",""viewport"":{""width"":1387,""height"":717},""started_at"":""2019-04-20T22:19:11.248Z"",""user_agent"":""Mozilla/5.0 (Macintosh; Intel Mac OS X 10_14_4) AppleWebKit/605.1.15 (KHTML, like Gecko) Version/12.1 Safari/605.1.15"",""utc_offset"":""18000"",""finished_at"":""2019-04-20T22:20:24.052Z"",""live_project"":true,""interventions"":{""opt_in"":true,""message"":false},""user_language"":""en"",""user_group_ids"":[],""subject_dimensions"":[{""clientWidth"":853,""clientHeight"":550,""naturalWidth"":1705,""naturalHeight"":1100}],""subject_selection_state"":{""retired"":false,""selected_at"":""2019-04-20T22:17:58.437Z"",""already_seen"":false,""selection_state"":""internal_fallback"",""finished_workflow"":false,""user_has_finished_workflow"":false},""workflow_translation_id"":""19615""}","[{""task"":""T1"",""value"":""1,2,1,1,1,1\n2,1,1,1,4,3\n1,1,1,2,2,1"",""task_label"":""Rate Kernels""},{""task"":""T2"",""task_label"":""bounding Box"",""value"":[{""x"":30.76432991027832,""y"":34.455047607421875,""tool"":0,""frame"":0,""width"":193.92286491394043,""height"":209.91650390625,""details"":[],""tool_label"":""Kernel Box""},{""x"":344.6394958496094,""y"":30.456636428833008,""tool"":0,""frame"":0,""width"":167.93319702148438,""height"":227.90936088562012,""details"":[],""tool_label"":""Kernel Box""},{""x"":642.52099609375,""y"":68.4415283203125,""tool"":0,""frame"":0,""width"":171.931640625,""height"":215.91412353515625,""details"":[],""tool_label"":""Kernel Box""},{""x"":894.4208374023438,""y"":86.43437194824219,""tool"":0,""frame"":0,""width"":169.93243408203125,""height"":207.9173126220703,""details"":[],""tool_label"":""Kernel Box""},{""x"":1206.2967529296875,""y"":82.43596649169922,""tool"":0,""frame"":0,""width"":171.931640625,""height"":223.91092681884766,""details"":[],""tool_label"":""Kernel Box""},{""x"":1522.1712646484375,""y"":96.4303970336914,""tool"":0,""frame"":0,""width"":173.9307861328125,""height"":235.90618133544922,""details"":[],""tool_label"":""Kernel Box""},{""x"":50.756378173828125,""y"":366.3230285644531,""tool"":0,""frame"":0,""width"":167.93321228027344,""height"":237.90542602539062,""details"":[],""tool_label"":""Kernel Box""},{""x"":334.6434631347656,""y"":368.322265625,""tool"":0,""frame"":0,""width"":171.93161010742188,""height"":225.91015625,""details"":[],""tool_label"":""Kernel Box""},{""x"":620.52978515625,""y"":424.29998779296875,""tool"":0,""frame"":0,""width"":163.93475341796875,""height"":219.91253662109375,""details"":[],""tool_label"":""Kernel Box""},{""x"":918.4113159179688,""y"":412.3047790527344,""tool"":0,""frame"":0,""width"":165.93402099609375,""height"":209.91647338867188,""details"":[],""tool_label"":""Kernel Box""},{""x"":1224.2896728515625,""y"":404.3079528808594,""tool"":0,""frame"":0,""width"":157.9371337890625,""height"":219.91250610351562,""details"":[],""tool_label"":""Kernel Box""},{""x"":1496.1815185546875,""y"":450.2896423339844,""tool"":0,""frame"":0,""width"":145.94189453125,""height"":201.91970825195312,""details"":[],""tool_label"":""Kernel Box""},{""x"":42.75955772399902,""y"":746.1719970703125,""tool"":0,""frame"":0,""width"":177.9292392730713,""height"":203.91888427734375,""details"":[],""tool_label"":""Kernel Box""},{""x"":306.65460205078125,""y"":722.1815185546875,""tool"":0,""frame"":0,""width"":163.93478393554688,""height"":209.91650390625,""details"":[],""tool_label"":""Kernel Box""},{""x"":594.5401000976562,""y"":776.1600341796875,""tool"":0,""frame"":0,""width"":153.93878173828125,""height"":207.91729736328125,""details"":[],""tool_label"":""Kernel Box""},{""x"":908.415283203125,""y"":760.1663818359375,""tool"":0,""frame"":0,""width"":159.9364013671875,""height"":219.91253662109375,""details"":[],""tool_label"":""Kernel Box""},{""x"":1212.29443359375,""y"":764.164794921875,""tool"":0,""frame"":0,""width"":151.939453125,""height"":185.92608642578125,""details"":[],""tool_label"":""Kernel Box""},{""x"":1472.1910400390625,""y"":784.1568603515625,""tool"":0,""frame"":0,""width"":153.938720703125,""height"":197.9212646484375,""details"":[],""tool_label"":""Kernel Box""}]}]","{""32546436"":{""retired"":{""id"":41830893,""workflow_id"":10481,""classifications_count"":1,""created_at"":""2019-04-20T22:17:17.596Z"",""updated_at"":""2019-04-20T22:20:24.611Z"",""retired_at"":""2019-04-20T22:20:24.594Z"",""subject_id"":32546436,""retirement_reason"":""classification_count""},""Filename"":""DSC05462.jpeg""}}",32546436
161303669,LMParsons,1889100,79c7b21dd8868dab3fce,10481,Training Program,16.38,2019-04-20 22:20:35 UTC,,,"{""source"":""api"",""session"":""d47f8e50e3f19231950d5b042bd8a82828c5c31dc847b1f9d36ced218a9c7989"",""viewport"":{""width"":1387,""height"":717},""started_at"":""2019-04-20T22:20:24.891Z"",""user_agent"":""Mozilla/5.0 (Macintosh; Intel Mac OS X 10_14_4) AppleWebKit/605.1.15 (KHTML, like Gecko) Version/12.1 Safari/605.1.15"",""utc_offset"":""18000"",""finished_at"":""2019-04-20T22:20:35.347Z"",""live_project"":true,""interventions"":{""opt_in"":true,""message"":false},""user_language"":""en"",""user_group_ids"":[],""subject_dimensions"":[{""clientWidth"":853,""clientHeight"":479,""naturalWidth"":5472,""naturalHeight"":3072}],""subject_selection_state"":{""retired"":false,""selected_at"":""2019-04-20T22:17:58.437Z"",""already_seen"":false,""selection_state"":""internal_fallback"",""finished_workflow"":false,""user_has_finished_workflow"":false},""workflow_translation_id"":""19615""}","[{""task"":""T1"",""value"":""3,3"",""task_label"":""Rate Kernels""},{""task"":""T2"",""task_label"":""bounding Box"",""value"":[{""x"":1696.3602294921875,""y"":1778.8165283203125,""tool"":0,""frame"":0,""width"":494.0545654296875,""height"":481.2218017578125,""details"":[],""tool_label"":""Kernel Box""},{""x"":3159.274658203125,""y"":1765.98388671875,""tool"":0,""frame"":0,""width"":519.7197265625,""height"":526.135986328125,""details"":[],""tool_label"":""Kernel Box""}]}]","{""32546429"":{""retired"":{""id"":41830877,""workflow_id"":10481,""classifications_count"":1,""created_at"":""2019-04-20T22:16:51.139Z"",""updated_at"":""2019-04-20T22:20:35.804Z"",""retired_at"":""2019-04-20T22:20:35.787Z"",""subject_id"":32546429,""retirement_reason"":""classification_count""},""Filename"":""IMG_3086.jpg""}}",32546429
161303814,LMParsons,1889100,79c7b21dd8868dab3fce,10481,Training Program,16.38,2019-04-20 22:21:45 UTC,,,"{""source"":""api"",""session"":""d47f8e50e3f19231950d5b042bd8a82828c5c31dc847b1f9d36ced218a9c7989"",""viewport"":{""width"":1387,""height"":717},""started_at"":""2019-04-20T22:20:36.054Z"",""user_agent"":""Mozilla/5.0 (Macintosh; Intel Mac OS X 10_14_4) AppleWebKit/605.1.15 (KHTML, like Gecko) Version/12.1 Safari/605.1.15"",""utc_offset"":""18000"",""finished_at"":""2019-04-20T22:21:44.713Z"",""seen_before"":true,""live_project"":true,""interventions"":{""opt_in"":true,""message"":false},""user_language"":""en"",""user_group_ids"":[],""subject_dimensions"":[{""clientWidth"":853,""clientHeight"":634,""naturalWidth"":1521,""naturalHeight"":1131}],""subject_selection_state"":{""retired"":false,""selected_at"":""2019-04-20T22:17:58.437Z"",""already_seen"":false,""selection_state"":""internal_fallback"",""finished_workflow"":false,""user_has_finished_workflow"":false},""workflow_translation_id"":""19615""}","[{""task"":""T1"",""value"":""2,2,1,4,2,3\n1,2,1,1,1,2\n1,2,1,1,1,2"",""task_label"":""Rate Kernels""},{""task"":""T2"",""task_label"":""bounding Box"",""value"":[{""x"":73.8074951171875,""y"":27.17008399963379,""tool"":0,""frame"":0,""width"":130.19346618652344,""height"":210.4497127532959,""details"":[],""tool_label"":""Kernel Box""},{""x"":391.2655334472656,""y"":45.00480651855469,""tool"":0,""frame"":0,""width"":130.19345092773438,""height"":208.66624450683594,""details"":[],""tool_label"":""Kernel Box""},{""x"":630.2507934570312,""y"":45.00479507446289,""tool"":0,""frame"":0,""width"":133.7603759765625,""height"":217.58361434936523,""details"":[],""tool_label"":""Kernel Box""},{""x"":879.9368896484375,""y"":48.57175064086914,""tool"":0,""frame"":0,""width"":133.76043701171875,""height"":205.09930038452148,""details"":[],""tool_label"":""Kernel Box""},{""x"":1120.7056884765625,""y"":91.37507629394531,""tool"":0,""frame"":0,""width"":133.7603759765625,""height"":214.0166473388672,""details"":[],""tool_label"":""Kernel Box""},{""x"":1334.7222900390625,""y"":121.69410705566406,""tool"":0,""frame"":0,""width"":133.7603759765625,""height"":203.31581115722656,""details"":[],""tool_label"":""Kernel Box""},{""x"":52.40583038330078,""y"":408.8331604003906,""tool"":0,""frame"":0,""width"":142.67777252197266,""height"":212.23312377929688,""details"":[],""tool_label"":""Kernel Box""},{""x"":328.8440246582031,""y"":428.4513244628906,""tool"":0,""frame"":0,""width"":149.8116455078125,""height"":203.31582641601562,""details"":[],""tool_label"":""Kernel Box""},{""x"":603.4987182617188,""y"":412.4000549316406,""tool"":0,""frame"":0,""width"":135.54388427734375,""height"":240.76876831054688,""details"":[],""tool_label"":""Kernel Box""},{""x"":849.6178588867188,""y"":414.18353271484375,""tool"":0,""frame"":0,""width"":133.76043701171875,""height"":221.15057373046875,""details"":[],""tool_label"":""Kernel Box""},{""x"":1045.7998046875,""y"":449.85296630859375,""tool"":0,""frame"":0,""width"":124.843017578125,""height"":217.5836181640625,""details"":[],""tool_label"":""Kernel Box""},{""x"":1254.466064453125,""y"":453.419921875,""tool"":0,""frame"":0,""width"":133.7603759765625,""height"":231.85137939453125,""details"":[],""tool_label"":""Kernel Box""},{""x"":36.35457992553711,""y"":797.6300659179688,""tool"":0,""frame"":0,""width"":148.0281867980957,""height"":219.3670654296875,""details"":[],""tool_label"":""Kernel Box""},{""x"":280.6902770996094,""y"":840.433349609375,""tool"":0,""frame"":0,""width"":140.894287109375,""height"":197.9654541015625,""details"":[],""tool_label"":""Kernel Box""},{""x"":528.5928955078125,""y"":840.433349609375,""tool"":0,""frame"":0,""width"":133.7603759765625,""height"":203.3157958984375,""details"":[],""tool_label"":""Kernel Box""},{""x"":756.8773193359375,""y"":860.0515747070312,""tool"":0,""frame"":0,""width"":140.894287109375,""height"":214.01666259765625,""details"":[],""tool_label"":""Kernel Box""},{""x"":1015.4807739257812,""y"":870.7523803710938,""tool"":0,""frame"":0,""width"":133.76043701171875,""height"":201.53240966796875,""details"":[],""tool_label"":""Kernel Box""},{""x"":1222.363525390625,""y"":860.0515747070312,""tool"":0,""frame"":0,""width"":144.4613037109375,""height"":203.31585693359375,""details"":[],""tool_label"":""Kernel Box""}]}]","{""32546437"":{""retired"":{""id"":41830889,""workflow_id"":10481,""classifications_count"":1,""created_at"":""2019-04-20T22:17:08.611Z"",""updated_at"":""2019-04-20T22:19:10.903Z"",""retired_at"":""2019-04-20T22:19:10.887Z"",""subject_id"":32546437,""retirement_reason"":""classification_count""},""Filename"":""DSC05429.jpeg""}}",32546437
161303905,LMParsons,1889100,79c7b21dd8868dab3fce,10481,Training Program,16.38,2019-04-20 22:22:32 UTC,,,"{""source"":""api"",""session"":""d47f8e50e3f19231950d5b042bd8a82828c5c31dc847b1f9d36ced218a9c7989"",""viewport"":{""width"":1387,""height"":717},""started_at"":""2019-04-20T22:21:45.842Z"",""user_agent"":""Mozilla/5.0 (Macintosh; Intel Mac OS X 10_14_4) AppleWebKit/605.1.15 (KHTML, like Gecko) Version/12.1 Safari/605.1.15"",""utc_offset"":""18000"",""finished_at"":""2019-04-20T22:22:32.617Z"",""live_project"":true,""interventions"":{""opt_in"":true,""message"":false},""user_language"":""en"",""user_group_ids"":[],""subject_dimensions"":[{""clientWidth"":853,""clientHeight"":127,""naturalWidth"":2987,""naturalHeight"":444}],""subject_selection_state"":{""retired"":false,""selected_at"":""2019-04-20T22:17:58.437Z"",""already_seen"":false,""selection_state"":""internal_fallback"",""finished_workflow"":false,""user_has_finished_workflow"":false},""workflow_translation_id"":""19615""}","[{""task"":""T1"",""value"":""2,1,1,1,1,1,1,3,2,2,1,2"",""task_label"":""Rate Kernels""},{""task"":""T2"",""task_label"":""bounding Box"",""value"":[{""x"":25.884925842285156,""y"":44.198455810546875,""tool"":0,""frame"":0,""width"":182.12480926513672,""height"":280.1920166015625,""details"":[],""tool_label"":""Kernel Box""},{""x"":288.56494140625,""y"":40.6960563659668,""tool"":0,""frame"":0,""width"":171.61758422851562,""height"":287.1967964172363,""details"":[],""tool_label"":""Kernel Box""},{""x"":568.7569580078125,""y"":54.70565414428711,""tool"":0,""frame"":0,""width"":182.124755859375,""height"":273.187198638916,""details"":[],""tool_label"":""Kernel Box""},{""x"":820.9297485351562,""y"":61.710453033447266,""tool"":0,""frame"":0,""width"":185.627197265625,""height"":290.69921493530273,""details"":[],""tool_label"":""Kernel Box""},{""x"":1066.0977783203125,""y"":79.22245788574219,""tool"":0,""frame"":0,""width"":199.63671875,""height"":290.69920349121094,""details"":[],""tool_label"":""Kernel Box""},{""x"":1360.29931640625,""y"":82.724853515625,""tool"":0,""frame"":0,""width"":192.632080078125,""height"":290.69921875,""details"":[],""tool_label"":""Kernel Box""},{""x"":1619.4769287109375,""y"":82.724853515625,""tool"":0,""frame"":0,""width"":175.1201171875,""height"":276.6896057128906,""details"":[],""tool_label"":""Kernel Box""},{""x"":1815.611328125,""y"":89.72965240478516,""tool"":0,""frame"":0,""width"":182.1248779296875,""height"":283.69441986083984,""details"":[],""tool_label"":""Kernel Box""},{""x"":2039.7650146484375,""y"":79.22245788574219,""tool"":0,""frame"":0,""width"":192.6319580078125,""height"":273.1872100830078,""details"":[],""tool_label"":""Kernel Box""},{""x"":2277.92822265625,""y"":96.73445892333984,""tool"":0,""frame"":0,""width"":157.60791015625,""height"":290.6991958618164,""details"":[],""tool_label"":""Kernel Box""},{""x"":2477.56494140625,""y"":110.74405670166016,""tool"":0,""frame"":0,""width"":182.124755859375,""height"":276.6895980834961,""details"":[],""tool_label"":""Kernel Box""},{""x"":2708.723388671875,""y"":107.24165344238281,""tool"":0,""frame"":0,""width"":182.124755859375,""height"":280.19200134277344,""details"":[],""tool_label"":""Kernel Box""}]}]","{""32546435"":{""retired"":{""id"":41830883,""workflow_id"":10481,""classifications_count"":1,""created_at"":""2019-04-20T22:16:52.654Z"",""updated_at"":""2019-04-20T22:22:33.185Z"",""retired_at"":""2019-04-20T22:22:33.170Z"",""subject_id"":32546435,""retirement_reason"":""classification_count""},""Filename"":""DSC05648.jpeg""}}",32546435
161303952,LMParsons,1889100,79c7b21dd8868dab3fce,10481,Training Program,16.38,2019-04-20 22:23:09 UTC,,,"{""source"":""api"",""session"":""d47f8e50e3f19231950d5b042bd8a82828c5c31dc847b1f9d36ced218a9c7989"",""viewport"":{""width"":1387,""height"":717},""started_at"":""2019-04-20T22:22:33.450Z"",""user_agent"":""Mozilla/5.0 (Macintosh; Intel Mac OS X 10_14_4) AppleWebKit/605.1.15 (KHTML, like Gecko) Version/12.1 Safari/605.1.15"",""utc_offset"":""18000"",""finished_at"":""2019-04-20T22:23:09.617Z"",""live_project"":true,""interventions"":{""opt_in"":true,""message"":false},""user_language"":""en"",""user_group_ids"":[],""subject_dimensions"":[{""clientWidth"":853,""clientHeight"":140,""naturalWidth"":2344,""naturalHeight"":386}],""subject_selection_state"":{""retired"":false,""selected_at"":""2019-04-20T22:17:58.437Z"",""already_seen"":false,""selection_state"":""internal_fallback"",""finished_workflow"":false,""user_has_finished_workflow"":false},""workflow_translation_id"":""19615""}","[{""task"":""T1"",""value"":""1,1,1,1,3,1,1,1,1,1,1,1"",""task_label"":""Rate Kernels""},{""task"":""T2"",""task_label"":""bounding Box"",""value"":[{""x"":67.03646087646484,""y"":119.43595123291016,""tool"":0,""frame"":0,""width"":156.66175079345703,""height"":211.63079071044922,""details"":[],""tool_label"":""Kernel Box""},{""x"":240.18893432617188,""y"":100.19679260253906,""tool"":0,""frame"":0,""width"":156.6617431640625,""height"":225.37306213378906,""details"":[],""tool_label"":""Kernel Box""},{""x"":416.08984375,""y"":100.19679260253906,""tool"":0,""frame"":0,""width"":170.40399169921875,""height"":217.12770080566406,""details"":[],""tool_label"":""Kernel Box""},{""x"":619.4752807617188,""y"":89.2029800415039,""tool"":0,""frame"":0,""width"":170.40399169921875,""height"":225.3730697631836,""details"":[],""tool_label"":""Kernel Box""},{""x"":811.866943359375,""y"":97.44833374023438,""tool"":0,""frame"":0,""width"":148.41632080078125,""height"":225.373046875,""details"":[],""tool_label"":""Kernel Box""},{""x"":996.01318359375,""y"":100.19679260253906,""tool"":0,""frame"":0,""width"":156.6617431640625,""height"":214.37925720214844,""details"":[],""tool_label"":""Kernel Box""},{""x"":1202.1470947265625,""y"":94.69988250732422,""tool"":0,""frame"":0,""width"":159.41015625,""height"":219.87616729736328,""details"":[],""tool_label"":""Kernel Box""},{""x"":1413.77783203125,""y"":91.95143127441406,""tool"":0,""frame"":0,""width"":142.9195556640625,""height"":222.62461853027344,""details"":[],""tool_label"":""Kernel Box""},{""x"":1595.1756591796875,""y"":113.93904876708984,""tool"":0,""frame"":0,""width"":148.4163818359375,""height"":225.37305450439453,""details"":[],""tool_label"":""Kernel Box""},{""x"":1773.8250732421875,""y"":116.6875,""tool"":0,""frame"":0,""width"":162.15869140625,""height"":233.618408203125,""details"":[],""tool_label"":""Kernel Box""},{""x"":1966.2166748046875,""y"":119.4359359741211,""tool"":0,""frame"":0,""width"":164.9071044921875,""height"":219.87616729736328,""details"":[],""tool_label"":""Kernel Box""},{""x"":2155.85986328125,""y"":124.93285369873047,""tool"":0,""frame"":0,""width"":148.41650390625,""height"":222.6246109008789,""details"":[],""tool_label"":""Kernel Box""}]}]","{""32546439"":{""retired"":{""id"":41830882,""workflow_id"":10481,""classifications_count"":1,""created_at"":""2019-04-20T22:16:51.930Z"",""updated_at"":""2019-04-20T22:23:10.139Z"",""retired_at"":""2019-04-20T22:23:10.119Z"",""subject_id"":32546439,""retirement_reason"":""classification_count""},""Filename"":""DSC05664.jpeg""}}",32546439
161304188,LMParsons,1889100,79c7b21dd8868dab3fce,10481,Training Program,16.38,2019-04-20 22:25:17 UTC,,,"{""source"":""api"",""session"":""d47f8e50e3f19231950d5b042bd8a82828c5c31dc847b1f9d36ced218a9c7989"",""viewport"":{""width"":1387,""height"":717},""started_at"":""2019-04-20T22:23:10.469Z"",""user_agent"":""Mozilla/5.0 (Macintosh; Intel Mac OS X 10_14_4) AppleWebKit/605.1.15 (KHTML, like Gecko) Version/12.1 Safari/605.1.15"",""utc_offset"":""18000"",""finished_at"":""2019-04-20T22:25:16.584Z"",""live_project"":true,""interventions"":{""opt_in"":true,""message"":false},""user_language"":""en"",""user_group_ids"":[],""subject_dimensions"":[{""clientWidth"":597,""clientHeight"":645,""naturalWidth"":1669,""naturalHeight"":1804}],""subject_selection_state"":{""retired"":false,""selected_at"":""2019-04-20T22:17:58.437Z"",""already_seen"":false,""selection_state"":""internal_fallback"",""finished_workflow"":false,""user_has_finished_workflow"":false},""workflow_translation_id"":""19615""}","[{""task"":""T1"",""value"":""1,2,1,1,2,1\n1,1,1,1,1,1\n2,1,1,1,3,1\n3,1,2"",""task_label"":""Rate Kernels""},{""task"":""T2"",""task_label"":""bounding Box"",""value"":[{""x"":54.41786193847656,""y"":23.020679473876953,""tool"":0,""frame"":0,""width"":176.1278533935547,""height"":251.6112174987793,""details"":[],""tool_label"":""Kernel Box""},{""x"":359.1470031738281,""y"":23.020679473876953,""tool"":0,""frame"":0,""width"":164.94509887695312,""height"":229.24576950073242,""details"":[],""tool_label"":""Kernel Box""},{""x"":630.3280029296875,""y"":11.837958335876465,""tool"":0,""frame"":0,""width"":176.1278076171875,""height"":259.99825382232666,""details"":[],""tool_label"":""Kernel Box""},{""x"":907.100341796875,""y"":20.224998474121094,""tool"":0,""frame"":0,""width"":164.945068359375,""height"":240.42850494384766,""details"":[],""tool_label"":""Kernel Box""},{""x"":1427.0968017578125,""y"":45.3861198425293,""tool"":0,""frame"":0,""width"":176.1279296875,""height"":248.81550979614258,""details"":[],""tool_label"":""Kernel Box""},{""x"":1183.8726806640625,""y"":23.020679473876953,""tool"":0,""frame"":0,""width"":192.90185546875,""height"":243.22419357299805,""details"":[],""tool_label"":""Kernel Box""},{""x"":40.43946075439453,""y"":428.3943176269531,""tool"":0,""frame"":0,""width"":167.74080657958984,""height"":237.63278198242188,""details"":[],""tool_label"":""Kernel Box""},{""x"":387.1037902832031,""y"":442.3727111816406,""tool"":0,""frame"":0,""width"":159.35379028320312,""height"":259.9982604980469,""details"":[],""tool_label"":""Kernel Box""},{""x"":633.1236572265625,""y"":447.9640808105469,""tool"":0,""frame"":0,""width"":176.12786865234375,""height"":229.24575805664062,""details"":[],""tool_label"":""Kernel Box""},{""x"":887.5305786132812,""y"":456.3511047363281,""tool"":0,""frame"":0,""width"":187.31060791015625,""height"":237.63284301757812,""details"":[],""tool_label"":""Kernel Box""},{""x"":1158.7115478515625,""y"":459.14678955078125,""tool"":0,""frame"":0,""width"":184.514892578125,""height"":246.01983642578125,""details"":[],""tool_label"":""Kernel Box""},{""x"":1435.48388671875,""y"":450.7597351074219,""tool"":0,""frame"":0,""width"":167.7408447265625,""height"":232.04147338867188,""details"":[],""tool_label"":""Kernel Box""},{""x"":12.482659339904785,""y"":808.6068115234375,""tool"":0,""frame"":0,""width"":195.6976079940796,""height"":240.428466796875,""details"":[],""tool_label"":""Kernel Box""},{""x"":325.5988464355469,""y"":839.3593139648438,""tool"":0,""frame"":0,""width"":170.53646850585938,""height"":259.99822998046875,""details"":[],""tool_label"":""Kernel Box""},{""x"":596.7798461914062,""y"":850.5419921875,""tool"":0,""frame"":0,""width"":184.51483154296875,""height"":254.4068603515625,""details"":[],""tool_label"":""Kernel Box""},{""x"":870.7564697265625,""y"":864.5203857421875,""tool"":0,""frame"":0,""width"":181.71923828125,""height"":246.0198974609375,""details"":[],""tool_label"":""Kernel Box""},{""x"":1141.9375,""y"":864.5203857421875,""tool"":0,""frame"":0,""width"":184.514892578125,""height"":232.04150390625,""details"":[],""tool_label"":""Kernel Box""},{""x"":1415.9140625,""y"":856.1333618164062,""tool"":0,""frame"":0,""width"":184.5150146484375,""height"":257.20257568359375,""details"":[],""tool_label"":""Kernel Box""},{""x"":574.4143676757812,""y"":1493.5484619140625,""tool"":0,""frame"":0,""width"":184.514892578125,""height"":246.0198974609375,""details"":[],""tool_label"":""Kernel Box""},{""x"":848.3910522460938,""y"":1482.36572265625,""tool"":0,""frame"":0,""width"":176.12786865234375,""height"":265.589599609375,""details"":[],""tool_label"":""Kernel Box""},{""x"":1130.7547607421875,""y"":1521.5052490234375,""tool"":0,""frame"":0,""width"":195.6976318359375,""height"":226.4500732421875,""details"":[],""tool_label"":""Kernel Box""}]}]","{""32546431"":{""retired"":{""id"":41830888,""workflow_id"":10481,""classifications_count"":1,""created_at"":""2019-04-20T22:17:00.935Z"",""updated_at"":""2019-04-20T22:25:17.356Z"",""retired_at"":""2019-04-20T22:25:17.346Z"",""subject_id"":32546431,""retirement_reason"":""classification_count""},""Filename"":""DSC05457.jpeg""}}",32546431
161304305,LMParsons,1889100,79c7b21dd8868dab3fce,10481,Training Program,16.38,2019-04-20 22:26:36 UTC,,,"{""source"":""api"",""session"":""d47f8e50e3f19231950d5b042bd8a82828c5c31dc847b1f9d36ced218a9c7989"",""viewport"":{""width"":1387,""height"":717},""started_at"":""2019-04-20T22:25:17.654Z"",""user_agent"":""Mozilla/5.0 (Macintosh; Intel Mac OS X 10_14_4) AppleWebKit/605.1.15 (KHTML, like Gecko) Version/12.1 Safari/605.1.15"",""utc_offset"":""18000"",""finished_at"":""2019-04-20T22:26:35.690Z"",""live_project"":true,""interventions"":{""opt_in"":true,""message"":false},""user_language"":""en"",""user_group_ids"":[],""subject_dimensions"":[{""clientWidth"":853,""clientHeight"":531,""naturalWidth"":1931,""naturalHeight"":1203}],""subject_selection_state"":{""retired"":false,""selected_at"":""2019-04-20T22:17:58.437Z"",""already_seen"":false,""selection_state"":""internal_fallback"",""finished_workflow"":false,""user_has_finished_workflow"":false},""workflow_translation_id"":""19615""}","[{""task"":""T1"",""value"":""1,1,1,2,1,1\n1,2,1,2,1,1\n1,1,3,1,1,1"",""task_label"":""Rate Kernels""},{""task"":""T2"",""task_label"":""bounding Box"",""value"":[{""x"":48.42654037475586,""y"":27.70112419128418,""tool"":0,""frame"":0,""width"":190.1931495666504,""height"":221.89201545715332,""details"":[],""tool_label"":""Kernel Box""},{""x"":338.24468994140625,""y"":59.39998245239258,""tool"":0,""frame"":0,""width"":212.835205078125,""height"":237.74143600463867,""details"":[],""tool_label"":""Kernel Box""},{""x"":1015.2417602539062,""y"":86.5704345703125,""tool"":0,""frame"":0,""width"":210.57098388671875,""height"":240.00564575195312,""details"":[],""tool_label"":""Kernel Box""},{""x"":652.9691162109375,""y"":75.2494125366211,""tool"":0,""frame"":0,""width"":194.72149658203125,""height"":233.21305084228516,""details"":[],""tool_label"":""Kernel Box""},{""x"":1329.966064453125,""y"":82.04202270507812,""tool"":0,""frame"":0,""width"":196.98583984375,""height"":242.26986694335938,""details"":[],""tool_label"":""Kernel Box""},{""x"":1671.8609619140625,""y"":68.45680236816406,""tool"":0,""frame"":0,""width"":183.4005126953125,""height"":246.7982635498047,""details"":[],""tool_label"":""Kernel Box""},{""x"":21.256092071533203,""y"":432.9936828613281,""tool"":0,""frame"":0,""width"":199.2499656677246,""height"":221.89199829101562,""details"":[],""tool_label"":""Kernel Box""},{""x"":338.24468994140625,""y"":446.5788879394531,""tool"":0,""frame"":0,""width"":194.7215576171875,""height"":235.47726440429688,""details"":[],""tool_label"":""Kernel Box""},{""x"":655.2332763671875,""y"":446.5788879394531,""tool"":0,""frame"":0,""width"":199.24993896484375,""height"":210.57101440429688,""details"":[],""tool_label"":""Kernel Box""},{""x"":1055.9974365234375,""y"":487.3345642089844,""tool"":0,""frame"":0,""width"":185.664794921875,""height"":226.42037963867188,""details"":[],""tool_label"":""Kernel Box""},{""x"":1339.02294921875,""y"":457.8999328613281,""tool"":0,""frame"":0,""width"":208.3067626953125,""height"":233.21304321289062,""details"":[],""tool_label"":""Kernel Box""},{""x"":1633.3695068359375,""y"":439.7862854003906,""tool"":0,""frame"":0,""width"":208.3067626953125,""height"":228.68460083007812,""details"":[],""tool_label"":""Kernel Box""},{""x"":25.784500122070312,""y"":788.4737548828125,""tool"":0,""frame"":0,""width"":203.77838134765625,""height"":228.68463134765625,""details"":[],""tool_label"":""Kernel Box""},{""x"":340.5088806152344,""y"":815.6441650390625,""tool"":0,""frame"":0,""width"":196.98574829101562,""height"":244.5340576171875,""details"":[],""tool_label"":""Kernel Box""},{""x"":680.1395263671875,""y"":872.249267578125,""tool"":0,""frame"":0,""width"":190.193115234375,""height"":233.2130126953125,""details"":[],""tool_label"":""Kernel Box""},{""x"":1003.9207153320312,""y"":897.155517578125,""tool"":0,""frame"":0,""width"":192.45733642578125,""height"":224.15625,""details"":[],""tool_label"":""Kernel Box""},{""x"":1307.3240966796875,""y"":890.3629150390625,""tool"":0,""frame"":0,""width"":196.9857177734375,""height"":240.005615234375,""details"":[],""tool_label"":""Kernel Box""},{""x"":1649.2188720703125,""y"":903.9481811523438,""tool"":0,""frame"":0,""width"":196.98583984375,""height"":221.89202880859375,""details"":[],""tool_label"":""Kernel Box""}]}]","{""32546434"":{""retired"":{""id"":41830895,""workflow_id"":10481,""classifications_count"":1,""created_at"":""2019-04-20T22:17:34.755Z"",""updated_at"":""2019-04-20T22:26:36.560Z"",""retired_at"":""2019-04-20T22:26:36.549Z"",""subject_id"":32546434,""retirement_reason"":""classification_count""},""Filename"":""DSC05490.jpeg""}}",32546434
161304379,LMParsons,1889100,79c7b21dd8868dab3fce,10481,Training Program,16.38,2019-04-20 22:27:37 UTC,,,"{""source"":""api"",""session"":""d47f8e50e3f19231950d5b042bd8a82828c5c31dc847b1f9d36ced218a9c7989"",""viewport"":{""width"":1387,""height"":717},""started_at"":""2019-04-20T22:26:36.876Z"",""user_agent"":""Mozilla/5.0 (Macintosh; Intel Mac OS X 10_14_4) AppleWebKit/605.1.15 (KHTML, like Gecko) Version/12.1 Safari/605.1.15"",""utc_offset"":""18000"",""finished_at"":""2019-04-20T22:27:37.332Z"",""live_project"":true,""interventions"":{""opt_in"":true,""message"":false},""user_language"":""en"",""user_group_ids"":[],""subject_dimensions"":[{""clientWidth"":622,""clientHeight"":645,""naturalWidth"":1628,""naturalHeight"":1690}],""subject_selection_state"":{""retired"":false,""selected_at"":""2019-04-20T22:17:58.437Z"",""already_seen"":false,""selection_state"":""internal_fallback"",""finished_workflow"":false,""user_has_finished_workflow"":false},""workflow_translation_id"":""19615""}","[{""task"":""T1"",""value"":""1,1,1,1,1,1\n1,1,1,1,1,1\n1,1,1,1,1,1\n1,1,1"",""task_label"":""Rate Kernels""},{""task"":""T2"",""task_label"":""bounding Box"",""value"":[{""x"":93.71004486083984,""y"":13.70889663696289,""tool"":0,""frame"":0,""width"":164.99781036376953,""height"":209.52103805541992,""details"":[],""tool_label"":""Kernel Box""},{""x"":376.5634460449219,""y"":18.946922302246094,""tool"":0,""frame"":0,""width"":185.94992065429688,""height"":212.14005279541016,""details"":[],""tool_label"":""Kernel Box""},{""x"":654.1788330078125,""y"":55.61310577392578,""tool"":0,""frame"":0,""width"":162.3787841796875,""height"":201.66399383544922,""details"":[],""tool_label"":""Kernel Box""},{""x"":905.6040649414062,""y"":87.041259765625,""tool"":0,""frame"":0,""width"":164.99786376953125,""height"":199.04498291015625,""details"":[],""tool_label"":""Kernel Box""},{""x"":1151.791259765625,""y"":115.85040283203125,""tool"":0,""frame"":0,""width"":154.5218505859375,""height"":191.18795776367188,""details"":[],""tool_label"":""Kernel Box""},{""x"":1366.5504150390625,""y"":131.56448364257812,""tool"":0,""frame"":0,""width"":172.8548583984375,""height"":193.80697631835938,""details"":[],""tool_label"":""Kernel Box""},{""x"":49.18682098388672,""y"":327.9904479980469,""tool"":0,""frame"":0,""width"":157.14078521728516,""height"":206.90206909179688,""details"":[],""tool_label"":""Kernel Box""},{""x"":350.3733215332031,""y"":348.94256591796875,""tool"":0,""frame"":0,""width"":141.42669677734375,""height"":185.949951171875,""details"":[],""tool_label"":""Kernel Box""},{""x"":580.846435546875,""y"":369.8946533203125,""tool"":0,""frame"":0,""width"":175.473876953125,""height"":193.8070068359375,""details"":[],""tool_label"":""Kernel Box""},{""x"":868.9379272460938,""y"":367.2756652832031,""tool"":0,""frame"":0,""width"":172.85479736328125,""height"":206.90200805664062,""details"":[],""tool_label"":""Kernel Box""},{""x"":1115.1251220703125,""y"":417.0368957519531,""tool"":0,""frame"":0,""width"":175.473876953125,""height"":206.90200805664062,""details"":[],""tool_label"":""Kernel Box""},{""x"":1358.693359375,""y"":435.3699951171875,""tool"":0,""frame"":0,""width"":178.0928955078125,""height"":206.90203857421875,""details"":[],""tool_label"":""Kernel Box""},{""x"":41.32978057861328,""y"":697.2713012695312,""tool"":0,""frame"":0,""width"":167.61682891845703,""height"":185.94989013671875,""details"":[],""tool_label"":""Kernel Box""},{""x"":308.4691162109375,""y"":681.5571899414062,""tool"":0,""frame"":0,""width"":159.75979614257812,""height"":225.23516845703125,""details"":[],""tool_label"":""Kernel Box""},{""x"":559.8943481445312,""y"":712.9853515625,""tool"":0,""frame"":0,""width"":164.997802734375,""height"":204.28302001953125,""details"":[],""tool_label"":""Kernel Box""},{""x"":821.795654296875,""y"":728.699462890625,""tool"":0,""frame"":0,""width"":180.7119140625,""height"":196.42596435546875,""details"":[],""tool_label"":""Kernel Box""},{""x"":1091.553955078125,""y"":747.0325317382812,""tool"":0,""frame"":0,""width"":162.37890625,""height"":201.66400146484375,""details"":[],""tool_label"":""Kernel Box""},{""x"":1327.26513671875,""y"":741.7944946289062,""tool"":0,""frame"":0,""width"":172.8548583984375,""height"":201.66400146484375,""details"":[],""tool_label"":""Kernel Box""},{""x"":229.89871215820312,""y"":1407.0238037109375,""tool"":0,""frame"":0,""width"":170.23583984375,""height"":199.0450439453125,""details"":[],""tool_label"":""Kernel Box""},{""x"":491.8000183105469,""y"":1422.7379150390625,""tool"":0,""frame"":0,""width"":149.28372192382812,""height"":188.5689697265625,""details"":[],""tool_label"":""Kernel Box""},{""x"":703.9400634765625,""y"":1425.35693359375,""tool"":0,""frame"":0,""width"":172.8548583984375,""height"":193.8070068359375,""details"":[],""tool_label"":""Kernel Box""}]}]","{""32546433"":{""retired"":{""id"":41830894,""workflow_id"":10481,""classifications_count"":1,""created_at"":""2019-04-20T22:17:34.647Z"",""updated_at"":""2019-04-20T22:27:38.042Z"",""retired_at"":""2019-04-20T22:27:38.030Z"",""subject_id"":32546433,""retirement_reason"":""classification_count""},""Filename"":""DSC05390.jpeg""}}",32546433
161304474,LMParsons,1889100,79c7b21dd8868dab3fce,10481,Training Program,16.38,2019-04-20 22:28:56 UTC,,,"{""source"":""api"",""session"":""d47f8e50e3f19231950d5b042bd8a82828c5c31dc847b1f9d36ced218a9c7989"",""viewport"":{""width"":1387,""height"":717},""started_at"":""2019-04-20T22:27:38.061Z"",""user_agent"":""Mozilla/5.0 (Macintosh; Intel Mac OS X 10_14_4) AppleWebKit/605.1.15 (KHTML, like Gecko) Version/12.1 Safari/605.1.15"",""utc_offset"":""18000"",""finished_at"":""2019-04-20T22:28:55.849Z"",""live_project"":true,""interventions"":{""opt_in"":true,""message"":false},""user_language"":""en"",""user_group_ids"":[],""subject_dimensions"":[{""clientWidth"":853,""clientHeight"":127,""naturalWidth"":2246,""naturalHeight"":335}],""subject_selection_state"":{""retired"":false,""selected_at"":""2019-04-20T22:17:58.437Z"",""already_seen"":false,""selection_state"":""internal_fallback"",""finished_workflow"":false,""user_has_finished_workflow"":false},""workflow_translation_id"":""19615""}","[{""task"":""T1"",""value"":""1,1,1,2,1,2,1,1,4,1"",""task_label"":""Rate Kernels""},{""task"":""T2"",""task_label"":""bounding Box"",""value"":[{""x"":14.196438789367676,""y"":23.27242660522461,""tool"":0,""frame"":0,""width"":165.91316509246826,""height"":244.91943740844727,""details"":[],""tool_label"":""Kernel Box""},{""x"":222.24627685546875,""y"":12.73825740814209,""tool"":0,""frame"":0,""width"":181.71441650390625,""height"":247.55297183990479,""details"":[],""tool_label"":""Kernel Box""},{""x"":461.89862060546875,""y"":4.837643623352051,""tool"":0,""frame"":0,""width"":186.98150634765625,""height"":250.18649578094482,""details"":[],""tool_label"":""Kernel Box""},{""x"":688.3832397460938,""y"":10.104715347290039,""tool"":0,""frame"":0,""width"":200.149169921875,""height"":263.3542079925537,""details"":[],""tool_label"":""Kernel Box""},{""x"":930.6691284179688,""y"":10.104715347290039,""tool"":0,""frame"":0,""width"":197.51568603515625,""height"":260.7206630706787,""details"":[],""tool_label"":""Kernel Box""},{""x"":1159.787353515625,""y"":4.837628364562988,""tool"":0,""frame"":0,""width"":192.24853515625,""height"":255.4536008834839,""details"":[],""tool_label"":""Kernel Box""},{""x"":1394.172607421875,""y"":20.638883590698242,""tool"":0,""frame"":0,""width"":181.71435546875,""height"":258.0871295928955,""details"":[],""tool_label"":""Kernel Box""},{""x"":1631.1912841796875,""y"":33.80659484863281,""tool"":0,""frame"":0,""width"":173.8138427734375,""height"":265.9877471923828,""details"":[],""tool_label"":""Kernel Box""},{""x"":1812.90576171875,""y"":31.173053741455078,""tool"":0,""frame"":0,""width"":192.24853515625,""height"":252.82004928588867,""details"":[],""tool_label"":""Kernel Box""},{""x"":2047.291015625,""y"":57.50847625732422,""tool"":0,""frame"":0,""width"":192.24853515625,""height"":237.01880645751953,""details"":[],""tool_label"":""Kernel Box""}]}]","{""32546438"":{""retired"":{""id"":41830881,""workflow_id"":10481,""classifications_count"":1,""created_at"":""2019-04-20T22:16:51.829Z"",""updated_at"":""2019-04-20T22:28:56.827Z"",""retired_at"":""2019-04-20T22:28:56.812Z"",""subject_id"":32546438,""retirement_reason"":""classification_count""},""Filename"":""DSC05681.jpeg""}}",32546438
161304638,LMParsons,1889100,79c7b21dd8868dab3fce,10481,Training Program,16.38,2019-04-20 22:30:40 UTC,,,"{""source"":""api"",""session"":""d47f8e50e3f19231950d5b042bd8a82828c5c31dc847b1f9d36ced218a9c7989"",""viewport"":{""width"":1387,""height"":717},""started_at"":""2019-04-20T22:28:57.843Z"",""user_agent"":""Mozilla/5.0 (Macintosh; Intel Mac OS X 10_14_4) AppleWebKit/605.1.15 (KHTML, like Gecko) Version/12.1 Safari/605.1.15"",""utc_offset"":""18000"",""finished_at"":""2019-04-20T22:30:40.237Z"",""live_project"":true,""interventions"":{""opt_in"":true,""message"":false},""user_language"":""en"",""user_group_ids"":[],""subject_dimensions"":[{""clientWidth"":593,""clientHeight"":645,""naturalWidth"":1394,""naturalHeight"":1517}],""subject_selection_state"":{""retired"":false,""selected_at"":""2019-04-20T22:28:57.698Z"",""already_seen"":false,""selection_state"":""normal"",""finished_workflow"":false,""user_has_finished_workflow"":false},""workflow_translation_id"":""19615""}","[{""task"":""T1"",""value"":""1,2,1,1,2,1\n1,1,1,1,1,1\n2,1,1,1,2,1\n2,1,2"",""task_label"":""Rate Kernels""},{""task"":""T2"",""task_label"":""bounding Box"",""value"":[{""x"":38.67093276977539,""y"":26.41103744506836,""tool"":0,""frame"":0,""width"":145.7566032409668,""height"":199.82759475708008,""details"":[],""tool_label"":""Kernel Box""},{""x"":304.3240966796875,""y"":21.709211349487305,""tool"":0,""frame"":0,""width"":145.756591796875,""height"":199.82759284973145,""details"":[],""tool_label"":""Kernel Box""},{""x"":532.3626098632812,""y"":14.656472206115723,""tool"":0,""frame"":0,""width"":148.1075439453125,""height"":223.3367223739624,""details"":[],""tool_label"":""Kernel Box""},{""x"":990.7906494140625,""y"":19.35829734802246,""tool"":0,""frame"":0,""width"":157.5111083984375,""height"":209.2312412261963,""details"":[],""tool_label"":""Kernel Box""},{""x"":762.7521362304688,""y"":14.656473159790039,""tool"":0,""frame"":0,""width"":150.4583740234375,""height"":209.2312526702881,""details"":[],""tool_label"":""Kernel Box""},{""x"":1183.5655517578125,""y"":33.463775634765625,""tool"":0,""frame"":0,""width"":159.862060546875,""height"":218.63490295410156,""details"":[],""tool_label"":""Kernel Box""},{""x"":31.618192672729492,""y"":357.8897399902344,""tool"":0,""frame"":0,""width"":145.75659370422363,""height"":202.17849731445312,""details"":[],""tool_label"":""Kernel Box""},{""x"":318.4295654296875,""y"":379.0479736328125,""tool"":0,""frame"":0,""width"":145.756591796875,""height"":213.93304443359375,""details"":[],""tool_label"":""Kernel Box""},{""x"":532.3626098632812,""y"":376.6970520019531,""tool"":0,""frame"":0,""width"":148.1075439453125,""height"":197.47671508789062,""details"":[],""tool_label"":""Kernel Box""},{""x"":736.8920288085938,""y"":374.34613037109375,""tool"":0,""frame"":0,""width"":169.2657470703125,""height"":209.23126220703125,""details"":[],""tool_label"":""Kernel Box""},{""x"":969.6324462890625,""y"":381.3988952636719,""tool"":0,""frame"":0,""width"":143.4056396484375,""height"":211.58212280273438,""details"":[],""tool_label"":""Kernel Box""},{""x"":1197.6710205078125,""y"":369.6443176269531,""tool"":0,""frame"":0,""width"":134.001953125,""height"":211.58218383789062,""details"":[],""tool_label"":""Kernel Box""},{""x"":22.214540481567383,""y"":677.6138916015625,""tool"":0,""frame"":0,""width"":155.16024589538574,""height"":192.77484130859375,""details"":[],""tool_label"":""Kernel Box""},{""x"":283.1658630371094,""y"":703.4739379882812,""tool"":0,""frame"":0,""width"":129.30020141601562,""height"":204.5294189453125,""details"":[],""tool_label"":""Kernel Box""},{""x"":504.15167236328125,""y"":703.4739990234375,""tool"":0,""frame"":0,""width"":150.45843505859375,""height"":218.63482666015625,""details"":[],""tool_label"":""Kernel Box""},{""x"":727.4884033203125,""y"":701.123046875,""tool"":0,""frame"":0,""width"":134.00201416015625,""height"":220.98577880859375,""details"":[],""tool_label"":""Kernel Box""},{""x"":955.5269165039062,""y"":729.333984375,""tool"":0,""frame"":0,""width"":136.35296630859375,""height"":195.12579345703125,""details"":[],""tool_label"":""Kernel Box""},{""x"":1169.4600830078125,""y"":719.9303588867188,""tool"":0,""frame"":0,""width"":148.107421875,""height"":197.4766845703125,""details"":[],""tool_label"":""Kernel Box""},{""x"":487.6952819824219,""y"":1234.7802734375,""tool"":0,""frame"":0,""width"":141.05477905273438,""height"":185.7220458984375,""details"":[],""tool_label"":""Kernel Box""},{""x"":701.6283569335938,""y"":1223.025634765625,""tool"":0,""frame"":0,""width"":141.05474853515625,""height"":223.3367919921875,""details"":[],""tool_label"":""Kernel Box""},{""x"":934.3687744140625,""y"":1260.6402587890625,""tool"":0,""frame"":0,""width"":148.107421875,""height"":190.4239501953125,""details"":[],""tool_label"":""Kernel Box""}]}]","{""32546432"":{""retired"":{""id"":41830878,""workflow_id"":10481,""classifications_count"":1,""created_at"":""2019-04-20T22:16:51.703Z"",""updated_at"":""2019-04-20T22:30:40.926Z"",""retired_at"":""2019-04-20T22:30:40.907Z"",""subject_id"":32546432,""retirement_reason"":""classification_count""},""Filename"":""DSC05450.jpeg""}}",32546432
161304688,LMParsons,1889100,79c7b21dd8868dab3fce,10481,Training Program,16.38,2019-04-20 22:31:04 UTC,,,"{""source"":""api"",""session"":""e6935949bfef8238af2647b369afe42a08d8bb84aa8527f8de9da6bf4ff06687"",""viewport"":{""width"":1387,""height"":717},""started_at"":""2019-04-20T22:30:54.727Z"",""user_agent"":""Mozilla/5.0 (Macintosh; Intel Mac OS X 10_14_4) AppleWebKit/605.1.15 (KHTML, like Gecko) Version/12.1 Safari/605.1.15"",""utc_offset"":""18000"",""finished_at"":""2019-04-20T22:31:04.186Z"",""live_project"":true,""interventions"":{""opt_in"":true,""message"":false},""user_language"":""en"",""user_group_ids"":[],""subject_dimensions"":[{""clientWidth"":853,""clientHeight"":479,""naturalWidth"":5472,""naturalHeight"":3072}],""subject_selection_state"":{""retired"":false,""selected_at"":""2019-04-20T22:30:54.212Z"",""already_seen"":false,""selection_state"":""internal_fallback"",""finished_workflow"":false,""user_has_finished_workflow"":false},""workflow_translation_id"":""19615""}","[{""task"":""T1"",""value"":""1,3"",""task_label"":""Rate Kernels""},{""task"":""T2"",""task_label"":""bounding Box"",""value"":[{""x"":2023.5911865234375,""y"":1810.89794921875,""tool"":0,""frame"":0,""width"":346.4796142578125,""height"":423.475341796875,""details"":[],""tool_label"":""Kernel Box""},{""x"":2915.45556640625,""y"":1765.98388671875,""tool"":0,""frame"":0,""width"":378.561279296875,""height"":449.140380859375,""details"":[],""tool_label"":""Kernel Box""}]}]","{""32546428"":{""retired"":{""id"":41830891,""workflow_id"":10481,""classifications_count"":1,""created_at"":""2019-04-20T22:17:17.453Z"",""updated_at"":""2019-04-20T22:31:04.679Z"",""retired_at"":""2019-04-20T22:31:04.663Z"",""subject_id"":32546428,""retirement_reason"":""classification_count""},""Filename"":""IMG_3046.jpg""}}",32546428
161304715,LMParsons,1889100,79c7b21dd8868dab3fce,10481,Training Program,16.38,2019-04-20 22:31:20 UTC,,,"{""source"":""api"",""session"":""e6935949bfef8238af2647b369afe42a08d8bb84aa8527f8de9da6bf4ff06687"",""viewport"":{""width"":1387,""height"":717},""started_at"":""2019-04-20T22:31:05.898Z"",""user_agent"":""Mozilla/5.0 (Macintosh; Intel Mac OS X 10_14_4) AppleWebKit/605.1.15 (KHTML, like Gecko) Version/12.1 Safari/605.1.15"",""utc_offset"":""18000"",""finished_at"":""2019-04-20T22:31:19.557Z"",""seen_before"":true,""live_project"":true,""interventions"":{""opt_in"":true,""message"":false},""user_language"":""en"",""user_group_ids"":[],""subject_dimensions"":[null],""subject_selection_state"":{""retired"":false,""selected_at"":""2019-04-20T22:30:54.212Z"",""already_seen"":false,""selection_state"":""internal_fallback"",""finished_workflow"":false,""user_has_finished_workflow"":false},""workflow_translation_id"":""19615""}","[{""task"":""T1"",""value"":""2,3"",""task_label"":""Rate Kernels""},{""task"":""T2"",""task_label"":""bounding Box"",""value"":[{""x"":2941.120849609375,""y"":1772.4002685546875,""tool"":0,""frame"":0,""width"":359.312255859375,""height"":455.5567626953125,""details"":[],""tool_label"":""Kernel Box""},{""x"":2055.672607421875,""y"":1810.89794921875,""tool"":0,""frame"":0,""width"":307.98193359375,""height"":410.642578125,""details"":[],""tool_label"":""Kernel Box""}]}]","{""32546428"":{""retired"":{""id"":41830891,""workflow_id"":10481,""classifications_count"":1,""created_at"":""2019-04-20T22:17:17.453Z"",""updated_at"":""2019-04-20T22:31:04.679Z"",""retired_at"":""2019-04-20T22:31:04.663Z"",""subject_id"":32546428,""retirement_reason"":""classification_count""},""Filename"":""IMG_3046.jpg""}}",32546428
161304727,LMParsons,1889100,79c7b21dd8868dab3fce,10481,Training Program,16.38,2019-04-20 22:31:26 UTC,,,"{""source"":""api"",""session"":""e6935949bfef8238af2647b369afe42a08d8bb84aa8527f8de9da6bf4ff06687"",""viewport"":{""width"":1387,""height"":717},""started_at"":""2019-04-20T22:31:20.223Z"",""user_agent"":""Mozilla/5.0 (Macintosh; Intel Mac OS X 10_14_4) AppleWebKit/605.1.15 (KHTML, like Gecko) Version/12.1 Safari/605.1.15"",""utc_offset"":""18000"",""finished_at"":""2019-04-20T22:31:26.033Z"",""seen_before"":true,""live_project"":true,""interventions"":{""opt_in"":true,""message"":false},""user_language"":""en"",""user_group_ids"":[],""subject_dimensions"":[{""clientWidth"":473,""clientHeight"":645,""naturalWidth"":496,""naturalHeight"":677}],""subject_selection_state"":{""retired"":true,""selected_at"":""2019-04-20T22:31:05.559Z"",""already_seen"":true,""selection_state"":""failover_fallback"",""finished_workflow"":false,""user_has_finished_workflow"":true},""workflow_translation_id"":""19615""}","[{""task"":""T1"",""value"":""2"",""task_label"":""Rate Kernels""},{""task"":""T2"",""task_label"":""bounding Box"",""value"":[{""x"":65.42245483398438,""y"":52.70363998413086,""tool"":0,""frame"":0,""width"":354.6143493652344,""height"":509.8893165588379,""details"":[],""tool_label"":""Kernel Box""}]}]","{""32365581"":{""retired"":{""id"":41285032,""workflow_id"":10481,""classifications_count"":1,""created_at"":""2019-04-10T20:49:27.139Z"",""updated_at"":""2019-04-11T18:43:14.420Z"",""retired_at"":""2019-04-11T18:43:14.410Z"",""subject_id"":32365581,""retirement_reason"":""classification_count""},""Filename"":""IMG_2575.jpeg""}}",32365581
161304743,LMParsons,1889100,79c7b21dd8868dab3fce,10481,Training Program,16.38,2019-04-20 22:31:36 UTC,,,"{""source"":""api"",""session"":""e6935949bfef8238af2647b369afe42a08d8bb84aa8527f8de9da6bf4ff06687"",""viewport"":{""width"":1387,""height"":717},""started_at"":""2019-04-20T22:31:26.766Z"",""user_agent"":""Mozilla/5.0 (Macintosh; Intel Mac OS X 10_14_4) AppleWebKit/605.1.15 (KHTML, like Gecko) Version/12.1 Safari/605.1.15"",""utc_offset"":""18000"",""finished_at"":""2019-04-20T22:31:36.616Z"",""seen_before"":true,""live_project"":true,""interventions"":{""opt_in"":true,""message"":false},""user_language"":""en"",""user_group_ids"":[],""subject_dimensions"":[{""clientWidth"":853,""clientHeight"":356,""naturalWidth"":2593,""naturalHeight"":1083}],""subject_selection_state"":{""retired"":true,""selected_at"":""2019-04-20T22:31:05.559Z"",""already_seen"":true,""selection_state"":""failover_fallback"",""finished_workflow"":false,""user_has_finished_workflow"":true},""workflow_translation_id"":""19615""}","[{""task"":""T1"",""value"":""2,1,1"",""task_label"":""Rate Kernels""},{""task"":""T2"",""task_label"":""bounding Box"",""value"":[{""x"":283.9073486328125,""y"":125.37449645996094,""tool"":0,""frame"":0,""width"":355.742431640625,""height"":592.9040069580078,""details"":[],""tool_label"":""Kernel Box""},{""x"":1135.2567138671875,""y"":137.53663635253906,""tool"":0,""frame"":0,""width"":352.701904296875,""height"":544.2554779052734,""details"":[],""tool_label"":""Kernel Box""},{""x"":1922.7548828125,""y"":189.22569274902344,""tool"":0,""frame"":0,""width"":355.742431640625,""height"":519.9312286376953,""details"":[],""tool_label"":""Kernel Box""}]}]","{""32365583"":{""retired"":{""id"":41285231,""workflow_id"":10481,""classifications_count"":1,""created_at"":""2019-04-10T20:53:25.915Z"",""updated_at"":""2019-04-11T20:32:26.646Z"",""retired_at"":""2019-04-11T20:32:26.639Z"",""subject_id"":32365583,""retirement_reason"":""classification_count""},""Filename"":""IMG_2612.jpeg""}}",32365583
161304769,LMParsons,1889100,79c7b21dd8868dab3fce,10481,Training Program,16.38,2019-04-20 22:31:48 UTC,,,"{""source"":""api"",""session"":""e6935949bfef8238af2647b369afe42a08d8bb84aa8527f8de9da6bf4ff06687"",""viewport"":{""width"":1387,""height"":717},""started_at"":""2019-04-20T22:31:37.571Z"",""user_agent"":""Mozilla/5.0 (Macintosh; Intel Mac OS X 10_14_4) AppleWebKit/605.1.15 (KHTML, like Gecko) Version/12.1 Safari/605.1.15"",""utc_offset"":""18000"",""finished_at"":""2019-04-20T22:31:48.143Z"",""seen_before"":true,""live_project"":true,""interventions"":{""opt_in"":true,""message"":false},""user_language"":""en"",""user_group_ids"":[],""subject_dimensions"":[{""clientWidth"":853,""clientHeight"":333,""naturalWidth"":2776,""naturalHeight"":1084}],""subject_selection_state"":{""retired"":true,""selected_at"":""2019-04-20T22:31:05.559Z"",""already_seen"":true,""selection_state"":""failover_fallback"",""finished_workflow"":false,""user_has_finished_workflow"":true},""workflow_translation_id"":""19615""}","[{""task"":""T1"",""value"":""2,2,2"",""task_label"":""Rate Kernels""},{""task"":""T2"",""task_label"":""bounding Box"",""value"":[{""x"":323.479736328125,""y"":186.3037567138672,""tool"":0,""frame"":0,""width"":338.53070068359375,""height"":475.2449493408203,""details"":[],""tool_label"":""Kernel Box""},{""x"":1212.1226806640625,""y"":231.8751983642578,""tool"":0,""frame"":0,""width"":351.5511474609375,""height"":504.54087829589844,""details"":[],""tool_label"":""Kernel Box""},{""x"":2110.531005859375,""y"":293.7221374511719,""tool"":0,""frame"":0,""width"":354.80615234375,""height"":455.7143859863281,""details"":[],""tool_label"":""Kernel Box""}]}]","{""32365578"":{""retired"":{""id"":41284754,""workflow_id"":10481,""classifications_count"":1,""created_at"":""2019-04-10T20:45:23.137Z"",""updated_at"":""2019-04-13T00:59:24.509Z"",""retired_at"":""2019-04-13T00:59:24.500Z"",""subject_id"":32365578,""retirement_reason"":""classification_count""},""Filename"":""IMG_2572.jpeg""}}",32365578
161304799,LMParsons,1889100,79c7b21dd8868dab3fce,10481,Training Program,16.38,2019-04-20 22:32:02 UTC,,,"{""source"":""api"",""session"":""e6935949bfef8238af2647b369afe42a08d8bb84aa8527f8de9da6bf4ff06687"",""viewport"":{""width"":1387,""height"":717},""started_at"":""2019-04-20T22:31:48.892Z"",""user_agent"":""Mozilla/5.0 (Macintosh; Intel Mac OS X 10_14_4) AppleWebKit/605.1.15 (KHTML, like Gecko) Version/12.1 Safari/605.1.15"",""utc_offset"":""18000"",""finished_at"":""2019-04-20T22:32:02.407Z"",""seen_before"":true,""live_project"":true,""interventions"":{""opt_in"":true,""message"":false},""user_language"":""en"",""user_group_ids"":[],""subject_dimensions"":[{""clientWidth"":853,""clientHeight"":367,""naturalWidth"":2653,""naturalHeight"":1142}],""subject_selection_state"":{""retired"":true,""selected_at"":""2019-04-20T22:31:05.559Z"",""already_seen"":true,""selection_state"":""failover_fallback"",""finished_workflow"":false,""user_has_finished_workflow"":true},""workflow_translation_id"":""19615""}","[{""task"":""T1"",""value"":""2,1,2"",""task_label"":""Rate Kernels""},{""task"":""T2"",""task_label"":""bounding Box"",""value"":[{""x"":178.52145385742188,""y"":181.15487670898438,""tool"":0,""frame"":0,""width"":419.9565734863281,""height"":643.9334411621094,""details"":[],""tool_label"":""Kernel Box""},{""x"":1161.531005859375,""y"":178.04409790039062,""tool"":0,""frame"":0,""width"":395.0701904296875,""height"":603.4931945800781,""details"":[],""tool_label"":""Kernel Box""},{""x"":2044.9951171875,""y"":221.59515380859375,""tool"":0,""frame"":0,""width"":395.0703125,""height"":594.1607666015625,""details"":[],""tool_label"":""Kernel Box""}]}]","{""32365586"":{""retired"":{""id"":41284766,""workflow_id"":10481,""classifications_count"":1,""created_at"":""2019-04-10T20:45:46.579Z"",""updated_at"":""2019-04-11T13:51:49.144Z"",""retired_at"":""2019-04-11T13:51:49.114Z"",""subject_id"":32365586,""retirement_reason"":""classification_count""},""Filename"":""IMG_2615.jpeg""}}",32365586
161304815,LMParsons,1889100,79c7b21dd8868dab3fce,10481,Training Program,16.38,2019-04-20 22:32:16 UTC,,,"{""source"":""api"",""session"":""e6935949bfef8238af2647b369afe42a08d8bb84aa8527f8de9da6bf4ff06687"",""viewport"":{""width"":1387,""height"":717},""started_at"":""2019-04-20T22:32:03.820Z"",""user_agent"":""Mozilla/5.0 (Macintosh; Intel Mac OS X 10_14_4) AppleWebKit/605.1.15 (KHTML, like Gecko) Version/12.1 Safari/605.1.15"",""utc_offset"":""18000"",""finished_at"":""2019-04-20T22:32:16.603Z"",""seen_before"":true,""live_project"":true,""interventions"":{""opt_in"":true,""message"":false},""user_language"":""en"",""user_group_ids"":[],""subject_dimensions"":[{""clientWidth"":853,""clientHeight"":292,""naturalWidth"":2316,""naturalHeight"":792}],""subject_selection_state"":{""retired"":true,""selected_at"":""2019-04-20T22:31:05.559Z"",""already_seen"":true,""selection_state"":""failover_fallback"",""finished_workflow"":false,""user_has_finished_workflow"":true},""workflow_translation_id"":""19615""}","[{""task"":""T1"",""value"":""2,2,2"",""task_label"":""Rate Kernels""},{""task"":""T2"",""task_label"":""bounding Box"",""value"":[{""x"":63.49970626831055,""y"":68.52825927734375,""tool"":0,""frame"":0,""width"":350.3215522766113,""height"":494.25213623046875,""details"":[],""tool_label"":""Kernel Box""},{""x"":965.1024780273438,""y"":120.12601470947266,""tool"":0,""frame"":0,""width"":391.05670166015625,""height"":510.5461654663086,""details"":[],""tool_label"":""Kernel Box""},{""x"":1921.0186767578125,""y"":160.861083984375,""tool"":0,""frame"":0,""width"":372.0469970703125,""height"":486.1051025390625,""details"":[],""tool_label"":""Kernel Box""}]}]","{""32365582"":{""retired"":{""id"":41285035,""workflow_id"":10481,""classifications_count"":1,""created_at"":""2019-04-10T20:49:37.196Z"",""updated_at"":""2019-04-15T15:46:59.592Z"",""retired_at"":""2019-04-15T15:46:59.571Z"",""subject_id"":32365582,""retirement_reason"":""classification_count""},""Filename"":""IMG_2576.jpeg""}}",32365582
161304833,LMParsons,1889100,79c7b21dd8868dab3fce,10481,Training Program,16.38,2019-04-20 22:32:28 UTC,,,"{""source"":""api"",""session"":""e6935949bfef8238af2647b369afe42a08d8bb84aa8527f8de9da6bf4ff06687"",""viewport"":{""width"":1387,""height"":717},""started_at"":""2019-04-20T22:32:17.342Z"",""user_agent"":""Mozilla/5.0 (Macintosh; Intel Mac OS X 10_14_4) AppleWebKit/605.1.15 (KHTML, like Gecko) Version/12.1 Safari/605.1.15"",""utc_offset"":""18000"",""finished_at"":""2019-04-20T22:32:27.767Z"",""seen_before"":true,""live_project"":true,""interventions"":{""opt_in"":true,""message"":false},""user_language"":""en"",""user_group_ids"":[],""subject_dimensions"":[{""clientWidth"":853,""clientHeight"":520,""naturalWidth"":1431,""naturalHeight"":873}],""subject_selection_state"":{""retired"":false,""selected_at"":""2019-04-20T22:31:05.559Z"",""already_seen"":true,""selection_state"":""failover_fallback"",""finished_workflow"":false,""user_has_finished_workflow"":true},""workflow_translation_id"":""19615""}","[{""task"":""T1"",""value"":""2,2"",""task_label"":""Rate Kernels""},{""task"":""T2"",""task_label"":""bounding Box"",""value"":[{""x"":997.3412475585938,""y"":169.8650665283203,""tool"":0,""frame"":0,""width"":338.94366455078125,""height"":523.5168304443359,""details"":[],""tool_label"":""Kernel Box""},{""x"":136.55874633789062,""y"":168.1871337890625,""tool"":0,""frame"":0,""width"":364.11268615722656,""height"":553.7197265625,""details"":[],""tool_label"":""Kernel Box""}]}]","{""32365584"":{""retired"":null,""Filename"":""IMG_2613.jpeg""}}",32365584
161304845,LMParsons,1889100,79c7b21dd8868dab3fce,10481,Training Program,16.38,2019-04-20 22:32:37 UTC,,,"{""source"":""api"",""session"":""e6935949bfef8238af2647b369afe42a08d8bb84aa8527f8de9da6bf4ff06687"",""viewport"":{""width"":1387,""height"":717},""started_at"":""2019-04-20T22:32:28.307Z"",""user_agent"":""Mozilla/5.0 (Macintosh; Intel Mac OS X 10_14_4) AppleWebKit/605.1.15 (KHTML, like Gecko) Version/12.1 Safari/605.1.15"",""utc_offset"":""18000"",""finished_at"":""2019-04-20T22:32:37.429Z"",""seen_before"":true,""live_project"":true,""interventions"":{""opt_in"":true,""message"":false},""user_language"":""en"",""user_group_ids"":[],""subject_dimensions"":[{""clientWidth"":477,""clientHeight"":645,""naturalWidth"":637,""naturalHeight"":861}],""subject_selection_state"":{""retired"":true,""selected_at"":""2019-04-20T22:31:05.559Z"",""already_seen"":true,""selection_state"":""failover_fallback"",""finished_workflow"":false,""user_has_finished_workflow"":true},""workflow_translation_id"":""19615""}","[{""task"":""T1"",""value"":""2"",""task_label"":""Rate Kernels""},{""task"":""T2"",""task_label"":""bounding Box"",""value"":[{""x"":139.66184997558594,""y"":192.45220947265625,""tool"":0,""frame"":0,""width"":349.5871124267578,""height"":493.69171142578125,""details"":[],""tool_label"":""Kernel Box""}]}]","{""32365580"":{""retired"":{""id"":41284352,""workflow_id"":10481,""classifications_count"":1,""created_at"":""2019-04-10T20:39:33.084Z"",""updated_at"":""2019-04-15T16:39:49.580Z"",""retired_at"":""2019-04-15T16:39:49.564Z"",""subject_id"":32365580,""retirement_reason"":""classification_count""},""Filename"":""IMG_2574.jpeg""}}",32365580
161304867,LMParsons,1889100,79c7b21dd8868dab3fce,10481,Training Program,16.38,2019-04-20 22:32:49 UTC,,,"{""source"":""api"",""session"":""e6935949bfef8238af2647b369afe42a08d8bb84aa8527f8de9da6bf4ff06687"",""viewport"":{""width"":1387,""height"":717},""started_at"":""2019-04-20T22:32:38.273Z"",""user_agent"":""Mozilla/5.0 (Macintosh; Intel Mac OS X 10_14_4) AppleWebKit/605.1.15 (KHTML, like Gecko) Version/12.1 Safari/605.1.15"",""utc_offset"":""18000"",""finished_at"":""2019-04-20T22:32:49.447Z"",""seen_before"":true,""live_project"":true,""interventions"":{""opt_in"":true,""message"":false},""user_language"":""en"",""user_group_ids"":[],""subject_dimensions"":[{""clientWidth"":853,""clientHeight"":318,""naturalWidth"":2274,""naturalHeight"":848}],""subject_selection_state"":{""retired"":true,""selected_at"":""2019-04-20T22:31:05.559Z"",""already_seen"":true,""selection_state"":""failover_fallback"",""finished_workflow"":false,""user_has_finished_workflow"":true},""workflow_translation_id"":""19615""}","[{""task"":""T1"",""value"":""2,2,2"",""task_label"":""Rate Kernels""},{""task"":""T2"",""task_label"":""bounding Box"",""value"":[{""x"":121.01651000976562,""y"":211.27090454101562,""tool"":0,""frame"":0,""width"":341.2998046875,""height"":498.6176452636719,""details"":[],""tool_label"":""Kernel Box""},{""x"":902.2730712890625,""y"":205.93809509277344,""tool"":0,""frame"":0,""width"":322.635009765625,""height"":490.6184844970703,""details"":[],""tool_label"":""Kernel Box""},{""x"":1608.8702392578125,""y"":216.6037139892578,""tool"":0,""frame"":0,""width"":333.3006591796875,""height"":503.9504852294922,""details"":[],""tool_label"":""Kernel Box""}]}]","{""32365585"":{""retired"":{""id"":41284826,""workflow_id"":10481,""classifications_count"":1,""created_at"":""2019-04-10T20:46:21.263Z"",""updated_at"":""2019-04-15T15:28:56.331Z"",""retired_at"":""2019-04-15T15:28:56.321Z"",""subject_id"":32365585,""retirement_reason"":""classification_count""},""Filename"":""IMG_2614.jpeg""}}",32365585
